Nombre;Query1;Nombre_Archivo;Carpeta
La tercera;@latercera;latercera;Prensa
La Cuarta;@lacuarta;lacuarta;Prensa
Las Ultimas Noticias;@lun;lun;Prensa
La Nacion;@nacioncl;nacioncl;Prensa
Publimetro;@PublimetroChile;publimetro;Prensa
El mercurio;@ElMercurio_cl;elmercurio;Prensa
La segunda;@La_Segunda;lasegunda;Prensa
El mostrador;@elmostrador;elmostrador;Prensa
The Clinic;@thecliniccl;theclinic;Prensa
Publimetro;@PublimetroChile;publimetro;Prensa
El Muro;@ElMuro_Digital;ElMuro_Digital;Prensa
Emol;@Emol;Emol;Prensa
CNN;@CNNChile;cnnchile;Prensa
TVN;@TVN;tvn;Prensa
Canal 13;@canal13;canal13;Prensa
Mega;@Mega;megavision;Prensa
Chilevision;@chilevision;chilevision;Prensa
La red;@LaRedTV;laredtv;Prensa
Radio Bio-Bio;@biobio;radiobiobio;Prensa
Radio Cooperativa;@Cooperativa;radiocooperativa;Prensa
ADN;@adnradiochile;adnradiochile;Prensa
Teletrece Radio;@Tele13_Radio;tele13radio;Prensa
Agricultura;@AgriculturaFM;agriculturafm;Prensa
Radio la clave;@radiolaclave;radiolaclave;Prensa
Megaplus;@MegaPlusCL;megaplus;Prensa
Diario Financiero;@Dfinanciero;diariofinanciero;Prensa
Radio Infinita;@infinitafm;radioinfinita;Prensa
Diario El Austral (Temuco);@AustralTemuco;AustralTemuco;Prensa
Cronica (Chillan);@CronicaChillan;CronicaChillan;Prensa
El Dinamo;@el_dinamo;el_dinamo;Prensa
El Centro (Talca);@diarioelcentro;diarioelcentro;Prensa
El Dia (Serena);@eldia_cl;eldia_cl;Prensa
El Siglo;@elsiglochile;elsiglochile;Prensa
Estrategia;@Estrategiacl;Estrategiacl;Prensa
Estrella de Arica;@EstrelladeArica;EstrelladeArica;Prensa
El Mercurio de Antofagasta;@mercurioafta;mercurioafta;Prensa
Soy Chile;@soychilecl;soychilecl;Prensa
Estrella de Iquique;@laestrellaiqq;laestrellaiqq;Prensa
El llanquihue (Pto Montt);@elllanquihue;elllanquihue;Prensa
El Mercurio de Valparaiso;@mercuriovalpo;mercuriovalpo;Prensa
Diario Austral (Valdivia);@austral_losrios;austral_losrios;Prensa
La Prensa Austral (Magallanes);@LaPrensAustral;LaPrensAustral;Prensa
Diario Atacama;@diarioatacama;diarioatacama;Prensa
El Rancaguino ;@elrancaguino;elrancaguino;Prensa
Diario Aysen;@diariodeaysen;diariodeaysen;Prensa
Radio Duna;@RadioDuna;RadioDuna;Prensa
Canal 24 Horas;@24HorasTVN;24HorasTVN;Prensa
Diario El Sur (Concepcion);@elsurcl;elsurcl;Prensa
Soy Arica;@soyarica;soyarica;Prensa
Soy Chiloe;@soychiloe;soychiloe;Prensa
Soy Iquique;@soyiquique;soyiquique;Prensa
Soy Puerto Montt;@soypuertomontt;soypuertomontt;Prensa
Soy Osorno;@soyosorno;soyosorno;Prensa
Soy Chillan;@soychillan;soychillan;Prensa
Soy Concepcion;@soyconcepcion;soyconcepcion;Prensa
Soy San Antonio;@soysanantonio;soysanantonio;Prensa
Soy Temuco;@soytemuco;soytemuco;Prensa
Soy Antofagasta;@soyantofagasta;soyantofagasta;Prensa
Soy Valparaiso;@soyvalparaiso;soyvalparaiso;Prensa
Soy Valdivia;@soyvaldiviacl;soyvaldiviacl;Prensa
Activa;@RadioActivaFm;RadioActivaFm;Prensa
Beethoven;@radiobeethoven;radiobeethoven;Prensa
Candela FM;@RadioCandelaCl;RadioCandelaCl;Prensa
Carabineros de Chile ;@radiocarab;radiocarab;Prensa
Carolina;@RadioCarolina;radiocarolina;Prensa
Cautiva;@radiocautiva;radiocautiva;Prensa
Concierto;@conciertoradio;radioconcierto;Prensa
Coraz�n FM;@RadioCorazonFM;RadioCorazonFM;Prensa
Coyhaique;@CoyhaiqueRadio;CoyhaiqueRadio;Prensa
Diario Cha?arcillo;@chanarcillo;chanarcillo;Prensa
Diario Concepci�n;@DiarioConce;DiarioConce;Prensa
Disney;@RadioDisneyCHL;radiodisneychile;Prensa
El Andino;@diario_elandino;diario_elandino;Prensa
El Austral de Osorno;@austral_osorno;austral_osorno;Prensa
El Austral de Temuco;@AustralTemuco;AustralTemuco;Prensa
El Ciudadano;@El_Ciudadano;El_Ciudadano;Prensa
El C�ndor;@CondorDiario;CondorDiario;Prensa
El Conquistador FM;@FMConquistador;FMConquistador;Prensa
El diario de Ays�n;@diariodeaysen;diariodeaysen;Prensa
El divisadero;@ddivisadero;ddivisadero;Prensa
El Heraldo;@ElHeraldoChile;ElHeraldoChile;Prensa
El Heraldo Austral;@diario_eha;diario_eha;Prensa
El Insular;@ElInsular1;ElInsular1;Prensa
El Labrador;@diariolabrador;diariolabrador;Prensa
El Lector;@Lector_OnLine;Lector_OnLine;Prensa
El libero;@elliberocl;elliberocl;Prensa
El L�der Melipilla;@diariolider;diariolider;Prensa
El L�der�San Antonio;@lidersanantonio;lidersanantonio;Prensa
El Longino;@ElLongino;ElLongino;Prensa
El Mercurio de Calama;@mercuriocalama;mercuriocalama;Prensa
El Observador;@eo_enlinea;eo_enlinea;Prensa
El Ovallino;@elovallino;elovallino;Prensa
El Ping�ino;@pinguinodiario;pinguinodiario;Prensa
El Proa;@proa_sanantonio;proa_sanantonio;Prensa
El Sancarlino;@El_Sancarlino;El_Sancarlino;Prensa
El Sur;@elsurcl;elsurcl;Prensa
El Tip�grafo;@eltipografo;eltipografo;Prensa
El Trabajo;@diarioeltrabajo;diarioeltrabajo;Prensa
FM Dos;@FMDOS;FMDOS;Prensa
FM Tiempo;@FM_Tiempo;FM_Tiempo;Prensa
Futuro;@futurofm;futurofm;Prensa
Guayac�n FM;@guayacanfmcl;guayacanfmcl;Prensa
Hoy x Hoy;@hoyxhoycl;hoyxhoycl;Prensa
Imagina;@imagina881;imagina881;Prensa
La Discusi�n;@ladiscusioncl;ladiscusioncl;Prensa
La Estrella de Arica;@EstrelladeArica;EstrelladeArica;Prensa
La Estrella de Chilo�;@estrellachiloe;estrellachiloe;Prensa
La Estrella de Concepci�n;@estrellaconce;estrellaconce;Prensa
La Estrella de Iquique;@laestrellaiqq;laestrellaiqq;Prensa
La Estrella de Quillota;@laestrelladeqta;laestrelladeqta;Prensa
La Estrella de Valpara�so;@laestrellavalpo;laestrellavalpo;Prensa
La Estrella del Loa;@estrella_loa;estrella_loa;Prensa
La Hora;@DiarioLaHora;DiarioLaHora;Prensa
La Prensa;@laprensacurico;laprensacurico;Prensa
La Regi�n;@LaRegionHoy;LaRegionHoy;Prensa
La Tribuna;@latribunacl;latribunacl;Prensa
Los 40;@40ChileOficial;40ChileOficial;Prensa
Mar�a Chile;@radiomariachile;radiomariachile;Prensa
M�s TV (ex UCV);@CanalTV_mas;CanalTV_mas;Prensa
Oasis FM;@OasisFMChile;OasisFMChile;Prensa
Pauta FM;@Pauta_cl;Pauta_cl;Prensa
Play FM;@play_fm;play_fm;Prensa
Pudahuel;@RadioPudahuel;RadioPudahuel;Prensa
Pulso;@pulso_tw;pulso_tw;Prensa
Punto 9;@punto9;punto9;Prensa
Rock & Pop;@rockandpop;rockandpop;Prensa
Rom�ntica FM;@Radio_Romantica;Radio_Romantica;Prensa
Sonar FM;@sonarfm;sonarfm;Prensa
Telecanal;@Telecanal;Telecanal;Prensa
Universidad de Chile;@uchileradio;uchileradio;Prensa
Universidad de Santiago;@radiousach;radiousach;Prensa
Universo;@RadioUniverso;RadioUniverso;Prensa
Zero;@radiozero977;radiozero977;Prensa
Carta Abierta ;@carta_abierta;carta_abierta;Prensa
Chileokulto ;@Chileokulto;Chileokulto;Prensa
Clever ;@DiarioClever;DiarioClever;Prensa
El Periodista ;@ElPeriodista;ElPeriodista;Prensa
ElQuintoPoder ;@elquintopoder;elquintopoder;Prensa
Gamba ;@GAMBA_CL;GAMBA_CL;Prensa
Interferencia;@InterferenciaCL;InterferenciaCL;Prensa
Megáfono Popular ;@MegafonoPopular;MegafonoPopular;Prensa
OPAL;@prensaopal;prensaopal;Prensa
Sitio Cero ;@sitiocero;sitiocero;Prensa
Katherine Martorell;@katymartorell;katherinemartorell;Subsecretarios
Juan Francisco Galli;@GalliJF;juanfranciscogalli;Subsecretarios
Francisco Moreno;@Moreno_Fco;franciscomoreno;Subsecretarios
Claudio Alvarado;@c_alvan_0207;claudioalvarado;Subsecretarios
Emardo Hantelmann;@ehantelmann;emardohantelmann;Subsecretarios
Ignacio Guerrero;@iguerrerotoro;ignacioguerrero;Subsecretarios
Monica Zalaquett;@monicazalaquett;monicazalaquett;Subsecretarios
Alejandra Candia;@_alecandia;alejandracandia;Subsecretarios
Sebastian Villarreal;@s_villarrealb;sebastianvillarreal;Subsecretarios
Carol Bown;@CarolCBown;carolbown;Subsecretarios
Raul Figueroa;@raulfiguersa;raulfigueroa;Subsecretarios
Maria Jose Castro;@mjcastrorojas;mariajosecastro;Subsecretarios
Lorena Recabarren;@LoreRecabarrenS;lorenarecabarren;Subsecretarios
Fernando Arab;@fdoarab;fernandoarab;Subsecretarios
Maria Jose Zaldivar;@mjose_zaldivar;mariajosezaldivar;Subsecretarios
Paula Daza;@pdazan;pauladaza;Subsecretarios
Guillermo Rolando Vicente;@GuilleRolandoV;guillermorolandovicente;Subsecretarios
Alfonso Vargas;@ponchovargasl;alfonsovargas;Subsecretarios
Pablo Terrazas;@PabloterrazasL;pabloterrazas;Subsecretarios
Jose Luis Dominguez;@J_LDominguez;joseluisdominguez;Subsecretarios
Pamela Gidi;@pamgidi;pamelagidi;Subsecretarios
Alejandra Bravo;@alebravoh;alejandrabravo;Subsecretarios
Ricardo Irarrazabal;@rirarrazabal_;ricardoirarrazabal;Subsecretarios
Kael Becerra;@kaelbecerra;kaelbecerra;Subsecretarios
Carolina Cuevas;@carola_cuevasm;carolinacuevas;Subsecretarios
Emilio de la Cerda;@emiliodelacerda;emiliodelacerda;Subsecretarios
Julen Rementeria;@julenrementeria;Julen Rementeria;SENMEX
Juan Antonio Martin del Campo;@TmartinDelCampo;Martin del Campo;SENMEX
Gustavo Madero;@GustavoMadero;Gustavo Madero;SENMEX
Indira de Jesus Rosales;@Indira_rs;Indira Rosales;SENMEX
Sylvana Beltrones;@sylbeltrones;Sylvana Beltrones;SENMEX
Mario Zamora;@MarioZamoraG;Mario Zamora;SENMEX
Omar Maceda;@maceda_luna;Omar Maceda;SENMEX
Cora Pinedo;@Corasenadora1;Cora Pinedo;SENMEX
Veronica Camino Farjat;@veronicacamino;Veronica Camin;SENMEX
Nancy de la Sierra;@Nancydelasa;Nancy de la Sierra;SENMEX
Martha Guerrero;@_MarthaGuerrero;Martha Guerrero;SENMEX
Napoleon Gomez;@NapoleonGomezUr;Napoleon Gomez;SENMEX
Margarita Valdes Martinez;@Maguevalmtz;Margarita Valdes;SENMEX
Ruben Rocha Moya;@rochamoya_;Ruben Rocha Moya;SENMEX
Cristobal Arias Solis;@CristobalAriasS;Cristobal Arias Solis;SENMEX
Ovidio Peralta Suarez;@OvidioPeraltaS;Ovidio Peralta Suarez;SENMEX
Jose Narro Cespedes;@NarroJose;Jose Narro Cespedes;SENMEX
Antares V�zquez;@AntaresVazAla;Antares Vazquez;SENMEX
Sasil de Leon;@sasildeleon;Sasil de Leon;SENMEX
policia federal;@PoliciaFedMx;policiafederal;SENMEX
carbineros de chile;@Carabdechile;carabinerosdechile;SENMEX
RocioAbreu;@RocioAbreuA;ROCIO ABREU;SENMEX
MariaAntonieta Cardenas;@maantoniacar;mariantonietacardeas;SENMEX
Martha Micher;@MaluMicher;marthamicher;SENMEX
Alfonso De Urresti;@adeurresti;Alfonsodeurresti;Senadores
Andres Allamand Zavala;@allamand;Allamand;Senadores
Alvaro Elizalde;@alvaroelizalde;Elizalde;Senadores
Pedro Araya Guerrero;@ArayaPedro;pedroaraya;Senadores
Carlos Karim Bianchi;@BianchiPrensa;CarlosBianchi;Senadores
Carlos Montes Cisternas;@carlosmontestwt;CarlosMontes;Senadores
Carolina Goic;@carolinagoic;CarolinaGoic;Senadores
Francisco Chahuan;@chahuan;Chahuan;Senadores
Jose Durana;@Duranasenador;Josedurana;Senadores
Ena von Baer;@enavonbaer;EnaVonBaer;Senadores
Felipe Harboe;@felipeharboe;FelipeHarboe;Senadores
Felipe Kast;@felipekast;FelipeKast;Senadores
Francisco Huenchumilla;@fhuenchumilla;Huenchumilla;Senadores
Rodrigo Galilea;@galilea_rodrigo;RodrigoGalilea;Senadores
Guido Girardi;@guidogirardi;Girardi;Senadores
Alejandro Guillier;@guillier;AlejandroGuillier;Senadores
Isabel Allende;@iallendebussi;IsabelAllende;Senadores
Jose Miguel Insulza;@Insulza;JosemiguelInsulza;Senadores
Ivan Moreira;@ivanmoreirab;IvanMoreira;Senadores
Juan Antonio Coloma;@jacoloma;senadorcoloma;Senadores
Jose Garcia Ruminot;@jgarciaruminot;JoseGarcia;Senadores
Jorge Soria;@SenadorJSoria;jorgesoria;Senadores
Jorge Pizarro Soto;@pizarrosenador;JorgePizarroSoto;Senadores
Juan Pablo Letelier;@jplchile;JPLetelier;Senadores
Juan Castro;@senadorcastro;JuanCastro;Senadores
Jacqueline Van Rysselberghe;@jvanbiobio;JacquelineRysselberghe;Senadores
Ricardo Lagos Weber;@lagosweber;RicardoWeber;Senadores
Juan Ignacio Latorre;@LatorreJI;JuanIgnacioLatorre;Senadores
Luz Ebensperger;@Luzebensperger;Luzebensperger;Senadores
Manuel Jose Ossandon;@mjossandon;ManuelJoseOssandon;Senadores
Yasna Provoste;@ProvosteYasna;YasnaProvoste;Senadores
Kenneth Pugh;@PughSenador;Kennethpugh;Senadores
Rabindranath Quinteros;@quinterosenador;Rabindranathquinteros;Senadores
Rafael Prohens;@RafaelProhensE;rafaelprohens;Senadores
David Sandoval;@sandovalplaza;David Sandoval;Senadores
Alejandro Garcia-Huidobro;@Senadoragh;GarciaHuidobro;Senadores
Alejandro Navarro;@senadornavarro;Alejandro Navarro;Senadores
Jaime Quintana;@senadorquintana;SenadorQuintana;Senadores
Victor Perez Varela;@senadorVPV;VictorPerez;Senadores
Ximena Ordenes;@ximenaordenes;ximenaordenes;Senadores
Ximena Rincon;@ximerincon;XimenaRincon;Senadores
Adriana Munoz D'Albora;@_adrianamunoz;adrianamunoz;Senadores
Carmen Gloria Aravena;@aravena_g;carmenaravena;Senadores
DiazCanelB;@DiazCanelB;DiazCanelB;Presidentes
sanchezceren;@sanchezceren;sanchezceren;Presidentes
jimmymoralesgt;@jimmymoralesgt;jimmymoralesgt;Presidentes
moisejovenel;@moisejovenel;moisejovenel;Presidentes
JuanOrlandoH;@JuanOrlandoH;JuanOrlandoH;Presidentes
DaniloMedina;@DaniloMedina;DaniloMedina;Presidentes
TabareVazquez;@TabareVazquez;TabareVazquez;Presidentes
jguaido;@jguaido;jguaido;Presidentes
PruebaLenin;@lenin;LeninMoreno;Presidentes
alvarado;@CarlosAlvQ;alvarado;presidentes
evo;@evoespueblo ;evo;presidentes
duque;@ivanduque;duque;presidentes
varela;@jc_varela;varela;presidentes
santos;@JuanManSantos;santos;presidentes
lenin;@lenin ;lenin;presidentes
lopezobrador;@lopezobrador_;lopezobrador;presidentes
abdo;@MaritoAbdo ;abdo;presidentes
vizcarra;@MartinVizcarraC ;vizcarra;presidentes
macri;@mauriciomacri ;macri;presidentes
temer;@MichelTemer ;temer;presidentes
maduro;@nicolasmaduro;maduro;presidentes
pinera;@sebastianpinera;pinera;presidentes
bolsonaro;@jairbolsonaro;bolsonaro;presidentes
trudeau;@JustinTrudeau;trudeau;presidentes
nayibbukele;@nayibbukele;nayibbukele;Presidentes
lulaoficial;@lulaOficial;lulaoficial;Presidentes
Amplitud;@AmplitudChile;Amplitud;partidos
Chile Vamos;@Chile_Vamos_;ChileVamos;partidos
Democracia Cristiana;@PDC_Chile;PDC;partidos
Evopoli;@evopoli;EVOPOLI;partidos
Frente Amplio;@elfrente_amplio;FA;partidos
convergencia;@La_convergencia;convergencia;partidos
Movimiento Ciudadanos;@Ciudadanos__;Ciudadanos;partidos
Partido Comunista;@PCdeChile;PCChile;partidos
Partido Humanista;@phumanista;PartidoHumanista;partidos
Partido Liberal;@Liberales_Chile;LiberalesChile;partidos
Partido Por la Democracia;@PPD_Chile;PPD;partidos
Partido Progresista;@LosPROgresistas;PRO;partidos
Partido Radical;@Pradicalcl;PR;partidos
Partido Socialista;@pschile;PSChile;partidos
Renovaicion Nacional;@Rnchile;RN;partidos
Revolucion Democratica;@Rdemocratica;RD;partidos
Union Democrata Independiente;@udipopular;UDI;partidos
Antofagasta;@AntofagastaMuni;Antofagasta;Municipios TODOS
Algarrobo;@Munialgarrobo;Algarrobo;Municipios TODOS
Alhue;@muni_alhue;Alhue;Municipios TODOS
Ancud;@muniancud;Ancud;Municipios TODOS
Andacollo;@muniandacollo;Andacollo;Municipios TODOS
Angol;@muni_angol;Angol;Municipios TODOS
Antuco;@MuniAntuco;Antuco;Municipios TODOS
Arauco;@muniarauco;Arauco;Municipios TODOS
Arica;@MuniArica;Arica;Municipios TODOS
aysen;@MuniAysen;aysen;Municipios TODOS
Buin;@municipio_buin;Buin;Municipios TODOS
Bulnes;@Bulnescapital;Bulnes;Municipios TODOS
Cabildo;@municabildo;Cabildo;Municipios TODOS
Cabo de Hornos;@Imcabodehornos;Cabo de Hornos;Municipios TODOS
Cabrero;@CabreroMuni;Cabrero;Municipios TODOS
Calama;@municipiocalama;Calama;Municipios TODOS
Caldera;@CalderaMuni;Caldera;Municipios TODOS
Calera de Tango;@Calera_deTango;Calera de Tango;Municipios TODOS
Calle Larga;@municallelarga;Calle Larga;Municipios TODOS
Camarones;@CamaronesChile;Camarones;Municipios TODOS
Canela;@MuniCANELA;Canela;Municipios TODOS
canete;@canetemuni;canete;Municipios TODOS
Carahue;@CarahueMuni;Carahue;Municipios TODOS
Cartagena;@CartagenaCambia;Cartagena;Municipios TODOS
Casablanca;@Municasablanca;Casablanca;Municipios TODOS
Castro;@rrppcastro;Castro;Municipios TODOS
Catemu;@municatemu;Catemu;Municipios TODOS
Cauquenes;@MuniCauquenes;Cauquenes;Municipios TODOS
Cerrillos;@municerrillos;Cerrillos;Municipios TODOS
Cerro Navia;@CerroNaviaCL;Cerro Navia;Municipios TODOS
chaiten;@ChaitenChile;chaiten;Municipios TODOS
Chanco;@munichanco;Chanco;Municipios TODOS
chanaral;@municipchanaral;chanaral;Municipios TODOS
chepica;@MuniChepica;chepica;Municipios TODOS
Chiguayante;@MuniChiguayante;Chiguayante;Municipios TODOS
Chile Chico;@MuniChileChico;Chile Chico;Municipios TODOS
chillan;@MuniChillan;chillan;Municipios TODOS
Chillan Viejo;@Chillanviejoonl;Chillan Viejo;Municipios TODOS
Chimbarongo;@ChimbarongoMuni;Chimbarongo;Municipios TODOS
Cholchol;@Cholchol;Cholchol;Municipios TODOS
Chonchi;@chonchimuni;Chonchi;Municipios TODOS
Cisnes;@municisnes;Cisnes;Municipios TODOS
Cobquecura;@cobquecura;Cobquecura;Municipios TODOS
Cochamo;@municochamo;Cochamo;Municipios TODOS
Cochrane;@MunicipCochrane;Cochrane;Municipios TODOS
Codegua;@CMuniCodegua;Codegua;Municipios TODOS
Coelemu;@Municoelemu;Coelemu;Municipios TODOS
Coihueco;@municoihueco;Coihueco;Municipios TODOS
Coinco;@Muni_Coinco;Coinco;Municipios TODOS
Colchane;@ColchaneChile;Colchane;Municipios TODOS
Colina;@MuniColina;Colina;Municipios TODOS
Collipulli;@MuniCollipulli;Collipulli;Municipios TODOS
Combarbala;@Municombarbala;Combarbala;Municipios TODOS
Concepcion;@Muni_Concepcion;Concepcion;Municipios TODOS
Conchali;@MuniConchali;Conchali;Municipios TODOS
Concon;@municoncon;Concon;Municipios TODOS
Constitucion;@IMCONSTITUCION;Constitucion;Municipios TODOS
Contulmo;@MuniContulmo;Contulmo;Municipios TODOS
Copiapo;@copiapomuni;Copiapo;Municipios TODOS
Coquimbo;@municoquimbo;Coquimbo;Municipios TODOS
Coronel;@coronelmuni;Coronel;Municipios TODOS
Corral;@municorral;Corral;Municipios TODOS
Coyhaique;@municoyhaique;Coyhaique;Municipios TODOS
Cunco;@MunideCunco;Cunco;Municipios TODOS
Curacautin;@mcuracautin;Curacautin;Municipios TODOS
Curacavi;@Mcuracavi;Curacavi;Municipios TODOS
Curaco de V�lez;@municipiocuraco;Curaco de V�lez;Municipios TODOS
Curanilahue;@munichue;Curanilahue;Municipios TODOS
Curepto;@municurepto;Curepto;Municipios TODOS
Curico;@Muni_Curico;Curico;Municipios TODOS
Dalcahue;@MuniDalcahue;Dalcahue;Municipios TODOS
El Bosque;@munielbosque;El Bosque;Municipios TODOS
El Carmen;@municipalcarmen;El Carmen;Municipios TODOS
El Monte;@MuniElMonte;El Monte;Municipios TODOS
El Quisco;@ElQuiscoMuni;El Quisco;Municipios TODOS
El Tabo;@Muni_ElTabo;El Tabo;Municipios TODOS
Empedrado;@Empedrado1;Empedrado;Municipios TODOS
Ercilla;@MuniErcilla;Ercilla;Municipios TODOS
Estacion Central;@muniecentral;Estacion Central;Municipios TODOS
Florida;@MuniLaFlorida;Florida;Municipios TODOS
Freire;@Freire_Digital;Freire;Municipios TODOS
Freirina;@FREIRINA1;Freirina;Municipios TODOS
Fresia;@MuniFresia;Fresia;Municipios TODOS
Frutillar;@FrutillarMuni;Frutillar;Municipios TODOS
Futaleufu;@Futaleufu_Chile;Futaleufu;Municipios TODOS
Futrono;@Imunicipalidad;Futrono;Municipios TODOS
Galvarino;@galvarinochile;Galvarino;Municipios TODOS
Gorbea;@MunicipioGorbea;Gorbea;Municipios TODOS
Graneros;@munigros;Graneros;Municipios TODOS
Hijuelas;@HijuelasCL;Hijuelas;Municipios TODOS
Hualaihue;@Muni_Hualaihue;Hualaihue;Municipios TODOS
hualane;@Muni_Hualane;hualane;Municipios TODOS
hualpen;@hualpenciudad;hualpen;Municipios TODOS
Hualqui;@munihualqui;Hualqui;Municipios TODOS
Huara;@IM_HUARA;Huara;Municipios TODOS
Huechuraba;@mun_huechuraba;Huechuraba;Municipios TODOS
Illapel;@MUNI_ILLAPEL;Illapel;Municipios TODOS
Independencia;@Muni_Indep;Independencia;Municipios TODOS
Iquique;@IquiqueDeTodos;Iquique;Municipios TODOS
Isla de Maipo;@MuniIsladeMaipo;Isla de Maipo;Municipios TODOS
Isla de Pascua;@Muni_Rapanui;Isla de Pascua;Municipios TODOS
Juan Fernandez;@ComunicJF;Juan Fernandez;Municipios TODOS
La Calera;@MuniCalera;La Calera;Municipios TODOS
La Cisterna;@Muni_LaCisterna;La Cisterna;Municipios TODOS
La Cruz;@munistacruz;La Cruz;Municipios TODOS
La Estrella;@MLaEstrella;La Estrella;Municipios TODOS
La Florida;@MuniLaFlorida;La Florida;Municipios TODOS
La Granja;@Muni_LaGranja;La Granja;Municipios TODOS
La Higuera;@LaHigueraMuni;La Higuera;Municipios TODOS
La Ligua;@laliguacl;La Ligua;Municipios TODOS
La Pintana;@MuniLaPintana;La Pintana;Municipios TODOS
La Reina;@MuniLaReina;La Reina;Municipios TODOS
La Serena;@munilaserena;La Serena;Municipios TODOS
La Union;@munilaunion;La Union;Municipios TODOS
Lago Ranco;@Muni_LagoRanco;Lago Ranco;Municipios TODOS
Lago Verde;@LagoVerdeAysen;Lago Verde;Municipios TODOS
Laja;@Munilaja;Laja;Municipios TODOS
Lampa;@LampaCL;Lampa;Municipios TODOS
Lanco;@MunicipioLanco;Lanco;Municipios TODOS
Las Cabras;@munilascabras;Las Cabras;Municipios TODOS
Las Condes;@Muni_LasCondes;Las Condes;Municipios TODOS
Lautaro;@MuniLautaro;Lautaro;Municipios TODOS
Lebu;@muniLebu;Lebu;Municipios TODOS
Licanten;@MuniLicanten;Licanten;Municipios TODOS
Limache;@MunLimache;Limache;Municipios TODOS
Linares;@AlcaldiaLiNar;Linares;Municipios TODOS
Litueche;@MuniLitueche;Litueche;Municipios TODOS
Llaillay;@MUNILLAY_LLAY;Llaillay;Municipios TODOS
Llanquihue;@LlanquihueCL;Llanquihue;Municipios TODOS
Lo Barnechea;@lo_barnechea;Lo Barnechea;Municipios TODOS
Lo Espejo;@muniloespejo;Lo Espejo;Municipios TODOS
Lo Prado;@MuniLoPrado;Lo Prado;Municipios TODOS
Loncoche;@Muniloncoche1;Loncoche;Municipios TODOS
Longavi;@mlongavi;Longavi;Municipios TODOS
Lonquimay;@MuniLonquimay;Lonquimay;Municipios TODOS
Los alamos;@MuniLosAlamos;Los alamos;Municipios TODOS
Los Andes;@munidelosandes;Los Andes;Municipios TODOS
Los angeles;@munilosangeles;Los angeles;Municipios TODOS
Los Lagos;@ComunaLosLagos;Los Lagos;Municipios TODOS
Los Sauces;@de_sauces;Los Sauces;Municipios TODOS
Los Vilos;@MunicipLosVilos;Los Vilos;Municipios TODOS
Lota;@munidelota;Lota;Municipios TODOS
Lumaco;@Muni_Lumaco;Lumaco;Municipios TODOS
Machali;@MuniMachali;Machali;Municipios TODOS
Macul;@MuniMacul;Macul;Municipios TODOS
Mafil;@munidemafil;Mafil;Municipios TODOS
Maipu;@maipu_chile;Maipu;Municipios TODOS
Marchihue;@MarchigueVI;Marchihue;Municipios TODOS
Maria Elena;@Muni_MariaElena;Maria Elena;Municipios TODOS
Maule;@munimaule;Maule;Municipios TODOS
maullin;@MuniMaullin;maullin;Municipios TODOS
Mejillones;@mimejillones;Mejillones;Municipios TODOS
Melipeuco;@Munimelipeuco;Melipeuco;Municipios TODOS
Melipilla;@munimelipilla;Melipilla;Municipios TODOS
Molina;@IMuniMolina;Molina;Municipios TODOS
Monte Patria;@MUNIMPATRIA;Monte Patria;Municipios TODOS
Mostazal;@MuniMostazal;Mostazal;Municipios TODOS
mulchen;@munimulchen;mulchen;Municipios TODOS
Nacimiento;@muninacto;Nacimiento;Municipios TODOS
Nancagua;@Mnancagua;Nancagua;Municipios TODOS
Natales;@puerto_natales;Natales;Municipios TODOS
Negrete;@Muninegrete;Negrete;Municipios TODOS
Ninhue;@munininhue;Ninhue;Municipios TODOS
Nogales;@muninogales;Nogales;Municipios TODOS
Nueva Imperial;@NuevaImperial;Nueva Imperial;Municipios TODOS
niquen;@imniquen;niquen;Municipios TODOS
nunoa;@MuniNunoa;nunoa;Municipios TODOS
Olivar;@muni_olivar;Olivar;Municipios TODOS
olmue;@OlmueComunica;olmue;Municipios TODOS
Osorno;@muni_osorno;Osorno;Municipios TODOS
Ovalle;@muniovalle;Ovalle;Municipios TODOS
Padre Hurtado;@mph_chile;Padre Hurtado;Municipios TODOS
Padre Las Casas;@_padrelascasas;Padre Las Casas;Municipios TODOS
Paihuano;@MuniPaihuano;Paihuano;Municipios TODOS
Paillaco;@munipaillaco;Paillaco;Municipios TODOS
Paine;@painepurochile;Paine;Municipios TODOS
Palena;@munipalena;Palena;Municipios TODOS
Palmilla;@munipalmilla1;Palmilla;Municipios TODOS
Panguipulli;@MuniPangui;Panguipulli;Municipios TODOS
Panquehue;@munipanquehue;Panquehue;Municipios TODOS
Papudo;@MuniPapudo;Papudo;Municipios TODOS
Paredones;@ComunaParedones;Paredones;Municipios TODOS
Parral;@ParralMunicipio;Parral;Municipios TODOS
Pedro Aguirre Cerda;@MunicipioPAC;Pedro Aguirre Cerda;Municipios TODOS
Pelarco;@munipelarco;Pelarco;Municipios TODOS
Pelluhue;@munipelluhue;Pelluhue;Municipios TODOS
Pemuco;@MuniPemuco;Pemuco;Municipios TODOS
Pencahue;@MuniPencahue;Pencahue;Municipios TODOS
Penco;@pencomunicipal;Penco;Municipios TODOS
penaflor;@MuniPenaflor;penaflor;Municipios TODOS
penalolen;@penalolen;penalolen;Municipios TODOS
Peralillo;@muniperalillo;Peralillo;Municipios TODOS
Perquenco;@MuniPerquenco;Perquenco;Municipios TODOS
Petorca;@Muni_Petorca;Petorca;Municipios TODOS
Peumo;@M_Peumo;Peumo;Municipios TODOS
Pica;@MunicipioPica;Pica;Municipios TODOS
Pichidegua;@MuniPichidegua;Pichidegua;Municipios TODOS
Pichilemu;@MuniPichilemu;Pichilemu;Municipios TODOS
Pinto;@munipinto;Pinto;Municipios TODOS
Pirque;@Mpirque;Pirque;Municipios TODOS
Placilla;@DelegPlacilla;Placilla;Municipios TODOS
Porvenir;@MuniPorvenir;Porvenir;Municipios TODOS
Pozo Almonte;@IMPozoAlmonte;Pozo Almonte;Municipios TODOS
Primavera;@muniprimavera;Primavera;Municipios TODOS
Providencia;@Muni_provi;Providencia;Municipios TODOS
Puchuncavi;@PuchuncaviMuni;Puchuncavi;Municipios TODOS
Pucon;@MuniPucon;Pucon;Municipios TODOS
Pudahuel;@IMPudahuel;Pudahuel;Municipios TODOS
Puente Alto;@mpuentealto;Puente Alto;Municipios TODOS
Puerto Montt;@munipuertomontt;Puerto Montt;Municipios TODOS
Puerto Octay;@MuniPuertoctay;Puerto Octay;Municipios TODOS
Puerto Varas;@muniptovaras;Puerto Varas;Municipios TODOS
Pumanque;@PumanqueOficial;Pumanque;Municipios TODOS
Punitaqui;@MuniPunitaqui1;Punitaqui;Municipios TODOS
Punta Arenas;@munipuq;Punta Arenas;Municipios TODOS
Puqueldon;@MuniPuqueldon;Puqueldon;Municipios TODOS
puren;@MuniPuren;puren;Municipios TODOS
Purranque;@Purranque_;Purranque;Municipios TODOS
Putaendo;@MuniPutaendo;Putaendo;Municipios TODOS
Putre;@im_putre;Putre;Municipios TODOS
Puyehue;@MuniPuyehue;Puyehue;Municipios TODOS
quilen;@muniqueilen;quilen;Municipios TODOS
quellon;@MuniQuellon;quellon;Municipios TODOS
Quemchi;@MuniQuemchi;Quemchi;Municipios TODOS
Quilicura;@muniquilicura;Quilicura;Municipios TODOS
Quilleco;@MuniQuilleco;Quilleco;Municipios TODOS
quillon;@muni_quillon;quillon;Municipios TODOS
Quillota;@muniquillota;Quillota;Municipios TODOS
quilpue;@quilpueciudad;quilpue;Municipios TODOS
Quinchao;@Mquinchao;Quinchao;Municipios TODOS
Quinta de Tilcoco;@MuniQta;Quinta de Tilcoco;Municipios TODOS
Quinta Normal;@munquintanormal;Quinta Normal;Municipios TODOS
Quintero;@muniquintero;Quintero;Municipios TODOS
Rancagua;@munirancagua;Rancagua;Municipios TODOS
Rauco;@Raucoavanza;Rauco;Municipios TODOS
Recoleta;@Muni_Recoleta;Recoleta;Municipios TODOS
Renaico;@muni_renaico;Renaico;Municipios TODOS
Renca;@Muni_Renca;Renca;Municipios TODOS
Rengo;@MuniRengo;Rengo;Municipios TODOS
requinoa;@Requinoa2014;requinoa;Municipios TODOS
rio bueno;@muniriobueno;rio bueno;Municipios TODOS
rioclaro;@MuniRioClaro;rioclaro;Municipios TODOS
riohurtado;@muniriohurtado;riohurtado;Municipios TODOS
rioibanez;@Muni_RioIbanez;rioibanez;Municipios TODOS
rionegro;@munirionegro;rionegro;Municipios TODOS
rioverde;@rioverdeoficial;rioverde;Municipios TODOS
Romeral;@MuniRomeral;Romeral;Municipios TODOS
Sagrada Familia;@msagradafamilia;Sagrada Familia;Municipios TODOS
Salamanca;@MuniSalamanca;Salamanca;Municipios TODOS
San Antonio;@imsanantoniocl;San Antonio;Municipios TODOS
San Bernardo;@SanBernardocl;San Bernardo;Municipios TODOS
San Clemente;@imsanclemente;San Clemente;Municipios TODOS
San Esteban;@munisanesteban;San Esteban;Municipios TODOS
sanfabian;@SanFabian_;sanfabian;Municipios TODOS
San Felipe;@munisanfelipe;San Felipe;Municipios TODOS
San Fernando;@MunSanFernando;San Fernando;Municipios TODOS
San Ignacio;@muni_sanignacio;San Ignacio;Municipios TODOS
San Javier;@muni_javier;San Javier;Municipios TODOS
sanjoaquin;@munisanjoaquin;sanjoaquin;Municipios TODOS
San Josede Maipo;@SnJuandelaCosta;San Josede Maipo;Municipios TODOS
San Juan de la Costa;@SnJuandelaCosta;San Juan de la Costa;Municipios TODOS
San Miguel;@Muni_San_Miguel;San Miguel;Municipios TODOS
san nicolas;@GobSanNicolas;san nicolas;Municipios TODOS
San Pablo;@IMuniSanPablo;San Pablo;Municipios TODOS
San Pedro de Atacama;@DeSanPedroAtacm;San Pedro de Atacama;Municipios TODOS
San Pedro de la Paz;@SanPedroPaz;San Pedro de la Paz;Municipios TODOS
San Rafael;@MuniSanRafael1;San Rafael;Municipios TODOS
sanramon;@Muni_SanRamon;sanramon;Municipios TODOS
San Rosendo;@MuniSanRosendo;San Rosendo;Municipios TODOS
San Vicente;@MunicSanVicente;San Vicente;Municipios TODOS
santabarbara;@Muni_SB_1601;santabarbara;Municipios TODOS
Santa Cruz;@munistacruz;Santa Cruz;Municipios TODOS
Santa Juana;@MuniSantaJuana;Santa Juana;Municipios TODOS
santamaria;@imsantamaria;santamaria;Municipios TODOS
Santiago;@Muni_Stgo;Santiago;Municipios TODOS
Santo Domingo;@santodomingocl;Santo Domingo;Municipios TODOS
Sierra Gorda;@muni_sgorda;Sierra Gorda;Municipios TODOS
Talagante;@MuniTalagante;Talagante;Municipios TODOS
Talca;@IMTalca;Talca;Municipios TODOS
Talcahuano;@munitalcahuano;Talcahuano;Municipios TODOS
Temuco;@municipiotemuco;Temuco;Municipios TODOS
Teno;@MunicipioTeno;Teno;Municipios TODOS
Teodoro Schmidt;@muniteodoro;Teodoro Schmidt;Municipios TODOS
Tierra Amarilla;@tierraamarilla1;Tierra Amarilla;Municipios TODOS
Timaukel;@Comunatimaukel;Timaukel;Municipios TODOS
tirua;@MuniTirua;tirua;Municipios TODOS
Tocopilla;@Muni_Tocopilla;Tocopilla;Municipios TODOS
tome;@munitome;tome;Municipios TODOS
Tortel;@munitortel;Tortel;Municipios TODOS
traiguen;@mtraiguen;traiguen;Municipios TODOS
Valdivia;@munivaldivia;Valdivia;Municipios TODOS
Vallenar;@MuniVallenar;Vallenar;Municipios TODOS
valparaiso;@MunicipioValpo;valparaiso;Municipios TODOS
vichuquen;@munivichuquen;vichuquen;Municipios TODOS
Victoria;@munivictoria;Victoria;Municipios TODOS
vicuna;@MuniVicuna;vicuna;Municipios TODOS
vilcun;@VilcunMuni;vilcun;Municipios TODOS
Villa Alegre;@munivillalegre;Villa Alegre;Municipios TODOS
Villa Alemana;@Munivillalemana;Villa Alemana;Municipios TODOS
Villarrica;@VillarricaMuni;Villarrica;Municipios TODOS
vinadelmar;@vinadelmar;vinadelmar;Municipios TODOS
Vitacura;@MuniVitacura;Vitacura;Municipios TODOS
Yerbas Buenas;@muniyerbasb;Yerbas Buenas;Municipios TODOS
Yumbel;@Muni_Yumbel;Yumbel;Municipios TODOS
Zapallar;@MuniZapallar;Zapallar;Municipios TODOS
Consuelo Valdes Chadwick;@Consuelovaldesc;consuelovaldes;Ministros
Carolina schmidt;@CarolaSchmidtZ;carolinaschmidt;Ministros
Isabel Pla Jarufe;@isabelpla;IsabelPla;Ministros
Marcela Cubillos Sigall;@mcubillossigall;MarcelaCubillos;Ministros
manalich;@jmanalich;manalich;Ministros
sichel;@sebastiansichel;sichel;Ministros
jobet;@jcjobet;jobet;Ministros
ribera;@TeodoroRiberaN;ribera;Ministros
Felipe Ward Edwards;@Felipeward;FelipeWard;Ministros
Gloria Hutt Hesse;@GloriaHutt;GloriaHutt;Ministros
Baldo Prokurica Prokurica;@bprokurica;BaldoProkurica;Ministros
Antonio Walker Prieto;@antoniowalkerp;AntonioWalker;Ministros
Cristian Monckeberg Bruner;@cmonckeberg;CristianMonckeberg;Ministros
Emilio Santelices Cuevas;@ESantelicesC;EmilioSantelices;Ministros
Juan Andres Fontaine Talavera;@jafontaine;JuanAndres;Ministros
Hernan Larrain Fernandez;@HernanLarrainF;HernanLarrain;Ministros
Alfredo Moreno Charme;@amorenocharme;AlfredoMoreno;Ministros
Cecilia Perez Jara;@ceciperez1;CeciliaPerez;Ministros
Gonzalo Blumel Mac-Iver;@GBlumel;GonzaloBlumel;Ministros
Felipe Larrain Bascunan;@felipelarrain;FelipeLarrain;Ministros
Alberto Espina Otero;@albertoespina;AlbertoEspina;Ministros
julio isamit;@jisamit;julio isamit;Ministros
maria jose zaldivar;@mjose_zaldivar;mariajose Zaldivar;Ministros
ignacio briones;@ignaciobriones_;ignacio briones;Ministros
Karla Rubilar;@KarlaEnAccion;KarlaRubilar;Ministros
Lucas Palacios;@LucasPalaciosC;lucaspalacios;Ministros
Agricultura;@MinagriCL;MinisterioAgricultura;Ministerios
Bienes Nacionales;@MinisterioBBNN;MinisterioBienesNacionales;Ministerios
Cultura y las Artes;@culturas_cl;MinisterioCultura;Ministerios
Defensa Nacional;@mindefchile;MinisterioDefensa;Ministerios
Deporte;@MindepChile;MinisterioDeporte;Ministerios
Desarrollo Social;@MinDesarrollo;MinisterioDesarrSocial;Ministerios
Economia Fomento y Turismo;@meconomia;MinisterioEconomia;Ministerios
Educacion;@Mineduc;MinisterioEducacion;Ministerios
Energia;@MinEnergia;MinisterioEnergia;Ministerios
Hacienda;@Min_Hacienda;MinisterioHacienda;Ministerios
Interior y Seguridad Publica;@min_interior;MinisterioInterior;Ministerios
Justicia y Derechos Humanos;@MinjuDDHH;MinisterioJusticia;Ministerios
Medio Ambiente;@MMAChile;MMAmbiente;Ministerios
Mineria;@MinMineria_cl;MinisterioMineria;Ministerios
Mujer y la Equidad de Genero;@MinMujeryEG;MinisterioMujer;Ministerios
Obras Publicas;@mop_chile;MinisterioObrasPublicas;Ministerios
Relaciones Exteriores;@Minrel_Chile;MinisterioRelExteriores;Ministerios
Salud;@ministeriosalud;MinisterioSalud;Ministerios
Secretariaa General de Gobierno;@segegob;MinisterioSecGralGobierno;Ministerios
Secretaria General de la Presidencia;@Segpres;MinisterioSecGralPResidencia;Ministerios
Trabajo y Prevision Social;@MintrabChile;MinisterioTrabajo;Ministerios
Transportes y Telecomunicaciones;@MTTChile;MinisterioTransportes;Ministerios
Vivienda y Urbanismo;@Minvu;MinisterioVivienda;Ministerios
GobiernoMX;@GobiernoMX;GobiernoMX;Mexico
A_Encinas_R;@A_Encinas_R;A_Encinas_R;Mexico
aguilarcamin ;@aguilarcamin ;aguilarcamin ;Mexico
Ale_BarralesM ;@Ale_BarralesM ;Ale_BarralesM ;Mexico
aristeguicnn;@aristeguicnn;aristeguicnn;Mexico
aurelionuno ;@aurelionuno ;aurelionuno ;Mexico
BPR2012;@BPR2012;BPR2012;Mexico
CarlosGortari_ ;@CarlosGortari_ ;CarlosGortari_ ;Mexico
CiroGomezL ;@CiroGomezL ;CiroGomezL ;Mexico
CocoaCalderon;@CocoaCalderon;CocoaCalderon;Mexico
CTMedoMex;@CTMedoMex;CTMedoMex;Mexico
DanteDelgado;@DanteDelgado;DanteDelgado;Mexico
DavidMonrealA;@DavidMonrealA;DavidMonrealA;Mexico
delfinagomeza;@delfinagomeza;delfinagomeza;Mexico
DeniseMaerker ;@DeniseMaerker ;DeniseMaerker ;Mexico
DivaGastelum;@DivaGastelum;DivaGastelum;Mexico
Dolores_PL;@Dolores_PL;Dolores_PL;Mexico
ElbaEsterOnLine ;@ElbaEsterOnLine ;ElbaEsterOnLine ;Mexico
Emilio_Gamboa_;@Emilio_Gamboa_;Emilio_Gamboa_;Mexico
EmilioAlvarezI;@EmilioAlvarezI;EmilioAlvarezI;Mexico
EnriqueBurgosG;@EnriqueBurgosG;EnriqueBurgosG;Mexico
EnriqueKrauze ;@EnriqueKrauze ;EnriqueKrauze ;Mexico
EnriqueOchoaR ;@EnriqueOchoaR ;EnriqueOchoaR ;Mexico
epn;@epn;epn;Mexico
ErnestoCordero;@ErnestoCordero;ErnestoCordero;Mexico
eruviel_avila;@eruviel_avila;eruviel_avila;Mexico
FelipeCalderon ;@FelipeCalderon ;FelipeCalderon ;Mexico
GabyCuevas;@GabyCuevas;GabyCuevas;Mexico
GustavoMadero;@GustavoMadero;GustavoMadero;Mexico
HectorYunes;@HectorYunes;HectorYunes;Mexico
IfigeniaMtz;@IfigeniaMtz;IfigeniaMtz;Mexico
JaimeRdzNl ;@JaimeRdzNl ;JaimeRdzNl ;Mexico
Javier_Corral;@Javier_Corral;Javier_Corral;Mexico
JCRomeroHicks;@JCRomeroHicks;JCRomeroHicks;Mexico
JohnMAckerman ;@JohnMAckerman ;JohnMAckerman ;Mexico
JoseAMeadeK;@JoseAMeadeK;JoseAMeadeK;Mexico
JosefinaVM;@JosefinaVM;JosefinaVM;Mexico
JuanZepeda_;@JuanZepeda_;JuanZepeda_;Mexico
LariosHector;@LariosHector;LariosHector;Mexico
LaydaSansores;@LaydaSansores;LaydaSansores;Mexico
lorenzocordovav;@lorenzocordovav;lorenzocordovav;Mexico
Lvidegaray ;@Lvidegaray ;Lvidegaray ;Mexico
M_OlgaSCordero;@M_OlgaSCordero;M_OlgaSCordero;Mexico
ManceraMiguelMX;@ManceraMiguelMX;ManceraMiguelMX;Mexico
ManceraMiguelMX ;@ManceraMiguelMX ;ManceraMiguelMX ;Mexico
ManuelBartlett;@ManuelBartlett;ManuelBartlett;Mexico
Marce_Torres7;@Marce_Torres7;Marce_Torres7;Mexico
marianagc;@marianagc;marianagc;Mexico
martibatres;@martibatres;martibatres;Mexico
MxLaPazMx ;@MxLaPazMx ;MxLaPazMx ;Mexico
Mzavalagc ;@Mzavalagc ;Mzavalagc ;Mexico
NapoleonGomezUr;@NapoleonGomezUr;NapoleonGomezUr;Mexico
osoriochong;@osoriochong;osoriochong;Mexico
pkumamoto;@pkumamoto;pkumamoto;Mexico
RafaMorenoValle;@RafaMorenoValle;RafaMorenoValle;Mexico
RicardoAnayaC ;@RicardoAnayaC ;RicardoAnayaC ;Mexico
RicardoMonrealA;@RicardoMonrealA;RicardoMonrealA;Mexico
RiosPiterJaguar;@RiosPiterJaguar;RiosPiterJaguar;Mexico
RiosPiterJaguar ;@RiosPiterJaguar ;RiosPiterJaguar ;Mexico
rocionahle;@rocionahle;rocionahle;Mexico
RoyCampos ;@RoyCampos ;RoyCampos ;Mexico
RuffoAppel;@RuffoAppel;RuffoAppel;Mexico
ruizmassieu;@ruizmassieu;ruizmassieu;Mexico
SergioSarmiento ;@SergioSarmiento ;SergioSarmiento ;Mexico
sylbeltrones;@sylbeltrones;sylbeltrones;Mexico
VicenteFoxQue ;@VicenteFoxQue ;VicenteFoxQue ;Mexico
VRubioMarquez;@VRubioMarquez;VRubioMarquez;Mexico
XochitlGalvez;@XochitlGalvez;XochitlGalvez;Mexico
Yeidckol;@Yeidckol;Yeidckol;Mexico
Loreto Letelier;@MLoretoLetelier;LoretoLetelier;Intendentes
Miguel Angel Quezada;@MAngelQuezada;MiguelAngelQuezada;Intendentes
Lucia Pinto;@lupipinto;LuciaPinto;Intendentes
Jorge Martinez;@jmartinezvalpo;JorgeMartinez;Intendentes
Juan Manuel Masferrer;@juanmasferrer;JuaiaMasferrer;Intendentes
Pablo Milad;@pablo_milad;PabloMilad;Intendentes
Martin Arrau;@martinarrau;MariaArrau;Intendentes
Jorge Atton;@jatton;jorgeatton;Intendentes
Cesar Asenjo;@casenjojerez;CesiaAsenjo;Intendentes
Harry Jurgensen;@HarryJurgensen;HarryJurgensen;Intendentes
Geoconda Navarrte;@geoconda_aysen;GeocondaNavarrte;Intendentes
Maria Teresa Castanon;@mtcastanon;MatriaTeresaCastanon;Intendentes
sergio giacaman;@sgiacamang;giacaman;Intendentes
patricio urquieta;@urquietaatacama;patriciourquieta;Intendentes
Arica y Parinacota;@IntendenciaXV;aricayparinacota;Intendencias
Tarapaca;@Gore_Tarapaca;tarapaca;Intendencias
Antofagasta;@GOREAntofagasta;antofagasta;Intendencias
Atacama;@Int_atacama;atacama;Intendencias
Coquimbo;@gorecoquimbo;coquimbo;Intendencias
Valparaiso;@IntendenciaV;valparaiso;Intendencias
Libertador Bernardo Ohiggins;@IntendenciaLBO;oHiggins;Intendencias
Maule;@IntendenciaVII;maule;Intendencias
Nuble;@Int_nuble;Nuble;Intendencias
Biobio;@gorebiobio;biobio;Intendencias
La Araucania;@iaraucania;laaraucania;Intendencias
Los Rios;@IntLosRios;losrios;Intendencias
Los Lagos;@int_loslagos;loslagos;Intendencias
aysen;@intendenciaysen;aysen;Intendencias
Magallanes y de la Antartica Chilena;@IntendenciaM;magallanes;Intendencias
Metropolitana;@IntendenciaRM;metropolitana;Intendencias
Aduanas;@AduanaCL;AduanasChile;Instituciones
Camara de Diputados de Chile;@CamaraDiputados;DiputadosChile;Instituciones
Chile Atiende;@ChileAtiende;ChileAtiende;Instituciones
Conaf;@conaf_minagri;Conaf;Instituciones
Contraloria;@Contraloriacl;Contraloria;Instituciones
Corfo;@Corfo;Corfo;Instituciones
Correos Chile;@correoschile;CorreosChile;Instituciones
Fiscalia Nacional de Chile;@FiscaliadeChile;FiscaliaDeChile;Instituciones
Fonasa;@FONASA;Fonasa;Instituciones
Gobierno de Chile;@GobiernodeChile;GobiernoChile;Instituciones
INE;@INE_Chile;INE;Instituciones
INJUV;@InjuvChile;Injuv;Instituciones
IPS;@IPSChile;IPSChile;Instituciones
Poder Judicial de Chile;@PJudicialChile;JudicialChile;Instituciones
Prensa Presidencia de Chile;@presidencia_cl;Presidencial;Instituciones
Registro Civil;@RegCivil_Chile;RegistroCivil;Instituciones
SAG;@sagchile;SAG;Instituciones
Senado de la Republica de Chile;@Senado_Chile;SenadoChile;Instituciones
Sercotec;@Sercotec_Chile;Sercotec;Instituciones
SERNAC;@SERNAC;Sernac;Instituciones
Sernapesca;@sernapesca;Sernapesca;Instituciones
Sernatur;@Sernatur;Sernatur;Instituciones
esval;@esval_chile;esval;Instituciones
aguasandinas;@aguas_andinas;aguasandinas;Instituciones
enel;@enel_chile;enel;Instituciones
enelclientes;@enelClientesCL;enelclientes;Instituciones
SERVEL;@ServelChile;Servel;Instituciones
SII;@SII_Chile;ImpuestosInternos;Instituciones
Corporacion Humanas;@corphumanas;corporacionhumanas;Instituciones
Movilh;@Movilh;movilh;Instituciones
Teleton;@Teleton;teleton;Instituciones
Teatro a Mil;@fundteatroamil;teatroamil;Instituciones
Greenpace;@GreenpeaceCL;greenpeace;Instituciones
cop25;@COP25CL;cop25;Instituciones
BOMBEROS;@bomberosdechile;bomberos;Instituciones
inddhh;@inddhh;inddhh;Instituciones
joseluisbeato;@joseluisbeato;joseluisbeato;ESPECIAL
claudiashein;@claudiashein;claudiashein;ESPECIAL
GobCDMX;@GobCDMX;gobcdmx;ESPECIAL
Alejandra Sepulveda ;@AlejandraSepl17;alejandrasepulveda;DIPUTADOS
Alejandro Bernales;@abernales;alejandrobernales;DIPUTADOS
Alejandro Santana Tirachini;@diputadosantana;alejandrosantana;DIPUTADOS
Alvaro Carter ;@Alvaro_CarterF;alvarocarter;DIPUTADOS
Amaro Labra Sepulveda;@amarolabra;amarolabra;DIPUTADOS
Andrea Parra Sauterel;@andreaparras;andreaparra;DIPUTADOS
Andres Celis Montt;@ANDRESCELISM;andrescelis;DIPUTADOS
Andres Molina Magofke;@andresmolinam;andresmolina;DIPUTADOS
Andress Longton Herrera;@andreslongton;longton;DIPUTADOS
Aracely Leuquen Uribe;@aracelyleuquen;aracelyleuquen;DIPUTADOS
Bernardo Berger Fett;@bernardo_berger;berger;DIPUTADOS
Boris Barrera Moreno;@boris_barrera;borisbarrera;DIPUTADOS
Camila Flores Oporto;@Cami_FloresO;camilaflores;DIPUTADOS
Camila Rojas;@Camila_RojasV;camilarojas;DIPUTADOS
Camila Vallejo Dowling;@camila_vallejo;camilavallejo;DIPUTADOS
Carlos Jarpa Wevar;@Oficinajarpa;carlosjarpa;DIPUTADOS
Carlos Kuschel Silva;@kuscheldiputado;carloskuschel;DIPUTADOS
Carmen Hertz;@carmen_hertz;carmenhertz;DIPUTADOS
Carolina Marzan Pinto;@carolamarzan;carolinamarzan;DIPUTADOS
Catalina del Real Mihovilovic;@CataDelRealCL;catalinadelreal;DIPUTADOS
Catalina Perez Salinas;@CatalinaPerezS;catalinaperez;DIPUTADOS
Celso Morales Munoz;@Celsomorales;celsomorales;DIPUTADOS
Claudia Mix Jimenez;@Claudia_Mix;claudiamix;DIPUTADOS
Cosme Mellado Pino;@cosme_mellado;cosmemellado;DIPUTADOS
Cristhian Moreira Barros;@MoreiraDiputado;cristhianmoreira;DIPUTADOS
Cristina Girardi Lavin;@Girardi_Cris;cristinagirardi;DIPUTADOS
Cristobal Urruticoechea Rios;@DipCristobal;cristobalurrutioechea;DIPUTADOS
Daniel Nunez Arancibia;@daniel_nunez_a;danielnunez;DIPUTADOS
Daniel Verdessi Belemmi;@danielverdessi;danielverdessi;DIPUTADOS
Daniella Cicardini Milla;@Dani_Cicardini;cicardini;DIPUTADOS
Diego Ibanez Cotroneo;@diego_ibanezc;diegoibanez;DIPUTADOS
Diego Paulsen Kehr;@diegopaulsen;diegopaulsen;DIPUTADOS
Diego Schalper Sepulveda;@Diego_Schalper;diegoschalper;DIPUTADOS
Eduardo Duran;@EdoDuran;eduardoduran;DIPUTADOS
Emilia Nuyado Ancapichun;@DEmiliaNuyado;emilianuyado;DIPUTADOS
Enrique Van Rysselberghe Herrera;@vanrysselberghe;enriquevanrysselberghe;DIPUTADOS
Erika Olivera de la Fuente;@erikaoliverad;erikaolivera;DIPUTADOS
Esteban Velasquez ;@CalamaVelasquez;estebanvelasquez;DIPUTADOS
Felix Gonzalez Gatica;@FELIX_GonzalezG;felixgonzalez;DIPUTADOS
Fernando Meza Moncada;@Diputadofmeza;fernandomeza;DIPUTADOS
Fidel Espinoza Sandoval;@fideldiputado;fidelespinoza;DIPUTADOS
Florcita Alarco Rojas;@florcitamotuda;flormotuda;DIPUTADOS
Francesca Munoz Gonzalez;@FrancescaD20Dip;francescamunoz;DIPUTADOS
Francisco Eguiguren;@feguigurenc;eguiguren;DIPUTADOS
Francisco Undurraga Gazitua;@Panchoundurraga;undurraga;DIPUTADOS
Frank Sauerbaum Munoz;@frank_sauerbaum;franksauebaum;DIPUTADOS
Gabriel Ascencio Mansilla;@G_Ascencio;gabrielascencio;DIPUTADOS
Gabriel Boric Font;@gabrielboric;boric;DIPUTADOS
Gabriel Silber Romo;@gabrielsilber;silber;DIPUTADOS
Gael Yeomans Araya;@GaelDiputada;gaelyeomans;DIPUTADOS
Gaston Saavedra chandia;@gastonsaavedra;gastonsaavedra;DIPUTADOS
Giorgio Jackson Drago;@GiorgioJackson;giorgiojackson;DIPUTADOS
Gonzalo Fuenzalida Figueroa;@fuenzalidaRn;gonzalofuenzalida;DIPUTADOS
Gonzalo Winter Etcheberry;@gonzalowinter;winter;DIPUTADOS
Guillermo Ramirez Diez;@GmoRamirez;guillermoramirez;DIPUTADOS
Guillermo Teillier del Valle;@gteillier;guillermoteillier;DIPUTADOS
Gustavo Sanhueza Duenas;@gustavosanhuez;gustavosanhueza;DIPUTADOS
Harry Jurgensen Rundshagen;@hjurgensen;harryjurgensen;DIPUTADOS
Hugo Gutierrez ;@Hugo_Gutierrez_;hugogutierrez;DIPUTADOS
Hugo Rey Martinez;@HugoReyM;hugorey;DIPUTADOS
Issa Kort Garriga;@issakortg;issakort;DIPUTADOS
Ivan Flores Garcia;@ifloresdiputado;ivanflores;DIPUTADOS
Jaime Bellolio Avaria;@jbellolio;jaimebellolio;DIPUTADOS
Jaime Mulet Martinez;@Muletjaime;mulet;DIPUTADOS
Jaime Naranjo Ortiz;@diputadonaranjo;jaimenaranjo;DIPUTADOS
Jaime Toha Gonzalez;@TohaGonzalez;jaimetoha;DIPUTADOS
Javier Hernandez Hernandez;@JavierHDiputado;javierhernandez;DIPUTADOS
Javier Macaya ;@javiermacaya;macaya;DIPUTADOS
Jenny Alvarez Vera;@jennyalvarezv;jennyalvarez;DIPUTADOS
Joanna Perez;@joaperezolea;joannaperez;DIPUTADOS
Joaquin Lavin Lavin;@jlavin2014;lavin;DIPUTADOS
Jorge Alessandri Vergara;@jalessandri;jorgealessandri;DIPUTADOS
Jorge Brito Hasbun;@jorbritoh;jorgebrito;DIPUTADOS
Jorge Duran Espinoza;@DuranDiputado;duran;DIPUTADOS
Jorge Rathgeb Schifferli;@JorgeRathgeb;jorgerathgeb;DIPUTADOS
Jose Miguel Ortiz;@OrtizDiputado;josemiguelortiz;DIPUTADOS
Jose Perez Arriagada;@Dip_JosePerez;joseperez;DIPUTADOS
JoseMiguel Castro Bascunan;@dip_jmcastro;josecastro;DIPUTADOS
Juan Antonio Coloma Alamos;@Tono_Coloma;diputadocoloma;DIPUTADOS
Juan Luis Castro Gonzalez;@DoctorJLCastro;juanluiscastro;DIPUTADOS
Juan Santana Castillo;@juan_santanaC;juansantana;DIPUTADOS
Karim Bianchi Retamales;@karimbianchi;karimbianchi;DIPUTADOS
Karin Luck Urban;@karinluck;karinluck;DIPUTADOS
Karol Cariola Oliva;@Karolcariola;karolcariola;DIPUTADOS
Leonardo Soto Ferrada;@LeoSotoChile;leonardosoto;DIPUTADOS
Leonidas Romero Saez;@leoromerosaez;leonidasromero;DIPUTADOS
Leopoldo Perez Lahsen;@perezlahsen;leopoldoperez;DIPUTADOS
Loreto Carvajal Ambiado;@loretodiputada;loretocarvajal;DIPUTADOS
Luciano Cruz-Coke;@lcruzcoke;cruzcoke;DIPUTADOS
Luis Pardo Sainz;@LuisPardoS;luispardo;DIPUTADOS
Luis Rocafull Lopez;@diputadorocaful;Luisrocafull;DIPUTADOS
Maite Orsini Pascal;@MaiteOrsini;orsini;DIPUTADOS
Manuel Monsalve Benavides;@DiputadoMonsalv;manuelmonsalve;DIPUTADOS
Marcela Hernando Perez;@MarcelaHernando;marcelahernando;DIPUTADOS
Marcela Sabat Fernandez;@MarceSabat;sabat;DIPUTADOS
Marcelo Diaz Diaz;@marcelodiazd;marcelodiaz;DIPUTADOS
Marcelo Schilling Rodriguez;@dip_schilling;marceloschilling;DIPUTADOS
Maria Jose Hoffmann Opazo;@PepaHoffmann;hoffmann;DIPUTADOS
Maricela Santibanez novoa;@mariseka;marisela;DIPUTADOS
Mario Desbordes;@desbordes;mariodesbordes;DIPUTADOS
Mario Venegas ;@DiputadoVenegas;mariovenegas;DIPUTADOS
Matias Walker Prieto;@matiaswalkerp;matiaswalker;DIPUTADOS
Maya Fernandez Allende;@Mayafernandeza;mayafernandez;DIPUTADOS
Miguel Angel Calisto Aguila;@MiguelCalisto;miguelcalisto;DIPUTADOS
Miguel Crispi Serrano;@MiguelCrispiS;crispi;DIPUTADOS
Miguel Mellado Suazo;@melladosuazo;miguelmellado;DIPUTADOS
Natalia Castillo Munoz;@NCastilo;nataliacastillo;DIPUTADOS
Nicolas Noman Garrido;@nicolasnoman;nicolasnoman;DIPUTADOS
Nino Baltolu Rasera;@NinoBaltolu;ninobaltolu;DIPUTADOS
Osvaldo Urrutia Soto;@urrutiaosvaldo;osvaldourrutia;DIPUTADOS
Pablo Kast Sommerhoff;@labkast;pablokast;DIPUTADOS
Pablo Lorenzini Basso;@pabloIorenzini;pablolorenzini;DIPUTADOS
Pablo Prieto Lorca;@pabloprietol;pabloprieto;DIPUTADOS
Pablo Vidal Rojas;@pablovidalrojas;pablovidal;DIPUTADOS
Pamela Jiles Moreno;@PamJiles;jiles;DIPUTADOS
Patricio Melero Abaroa;@patriciomelero;melero;DIPUTADOS
Paulina Nunez Urrutia;@paulinanu;paulinanunez;DIPUTADOS
Pedro Pablo Alvarez-Salamanca Ramirez;@alvarezsalamanc;pedroalvarez;DIPUTADOS
Pedro Velasquez Seguel;@pvelasquezsegue;pedrovelasquez;DIPUTADOS
Pepe Auth Stewart;@pepe_auth;pepeauth;DIPUTADOS
Ramon Barros Montero;@memobarros;ramonbarros;DIPUTADOS
Ramon Galleguillos Castillo;@ramongallec;ramongalleguillos;DIPUTADOS
Raul Leiva;@RaulLeiva;raulleiva;DIPUTADOS
Raul Saldivar;@raulsaldivarps;raulsaldivar;DIPUTADOS
Raul Soto Mardones;@Raul_Soto1;raulsoto;DIPUTADOS
Renato Gararin Gonzalez;@GarinDiputado;renatgarin;DIPUTADOS
Rene Alinco Bustos;@alinco_rene;renealincon;DIPUTADOS
Rene Manuel Garcia Garcia;@GarciaDiputado;renegarcia;DIPUTADOS
Rene Saffirio Espinoza;@renesaffirio;renesaffirio;DIPUTADOS
Renzo Trisotti Martinez;@RenzoTrisotti;renzotrisotti;DIPUTADOS
Ricardo Celis Araya;@ricardocelis;ricardocelis;DIPUTADOS
Rodrigo Gonzalez Torres;@rodrigodiputado;rodrigogonzalez;DIPUTADOS
Rolando Renteria Moller;@RRenteriaM;rolandorenteria;DIPUTADOS
Sandra Amar Mancilla;@sandraamarM;sandraamar;DIPUTADOS
Sebastian Keitel;@sekeitel;keitel;DIPUTADOS
Sebastian Torrealba Alvarado;@storrealbaa;sebastiantorrealba;DIPUTADOS
Sergio Bobadilla Munoz;@sbobadilla_dip;sergiobobadilla;DIPUTADOS
Sergio Gahona Salazar;@sergiogahona;gahona;DIPUTADOS
Tomas Hirsch Goldschmidt;@tomashirsch;hirsch;DIPUTADOS
Victor Torres Jeldes;@DocVictorTorres;victortorres;DIPUTADOS
Virginia Troncoso Hellman;@vtroncosoh;virginiatroncoso;DIPUTADOS
Vlado Mirosevic Verdugo;@vladomirosevic;VladoMirosevic;DIPUTADOS
Ximena Ossandon Irarrazabal;@nonaossandon;ximenaossandon;DIPUTADOS
Patricio Rosas Barrientos;@patriciorosas;particiorosas;DIPUTADOS
Marcos Ilabaca Cerda;@marcos_ilabaca;marcosilabaca;DIPUTADOS
Juan Fuenzalida Cobo;@jmfuenzalida ;juanfuenzalida;DIPUTADOS
Alicia Lira;@AliciaLiraM;Alicia Lira;DDHH
Mbachelet;@mbachelet;Mbachelet;DDHH
Carmen Hertz;@carmen_hertz;Carmen Hertz;DDHH
Diego Schalper;@Diego_Schalper;Diego Schalper;DDHH
Josevivanco;@JMVivancoHRW;Josevivanco;DDHH
Juan Enrique Pi;@juanenriquepi;Juan Enrique Pi;DDHH
Khristian Briones;@Khristianbrio;Khristian Briones;DDHH
Lorena Fries;@jlorenafries;Lorena Fries;DDHH
Lorena Pizarro;@LorenaPizarroS;Lorena Pizarro;DDHH
Lorena Recabarren;@LoreRecabarrenS;Lorena Recabarren;DDHH
Miguel Crispi;@MiguelCrispiS;Miguel Crispi;DDHH
Oscar Rementeria;@Rementeria;Oscar Rementeria;DDHH
Paulo Abrao;@PauloAbrao;Paulo Abrao;DDHH
Raul Meza;@abogadomeza;Raul Meza;DDHH
Rolando Jimenez;@rjimenez_perez;Rolando Jimenez;DDHH
Valeria Riveros;@valeanri;Valeria Riveros;DDHH
A_delPacifico;@A_delPacifico;A_delPacifico;Alianza
AGCICHILE;@AGCICHILE;AGCICHILE;Alianza
AMEXCID;@AMEXCID;AMEXCID;Alianza
apciagencia;@apciagencia;apciagencia;Alianza
APCColombia;@APCColombia;APCColombia;Alianza
ProChile;@ProChile;ProChile;Alianza
PROCOLOMBIACO;@PROCOLOMBIACO;PROCOLOMBIACO;Alianza
Promperu;@Promperu;Promperu;Alianza
CarlosGomez;@ Alcalde_Cgomez;CarlosGomez;Alcaldes TODOS
MiguelAAguilera;@AguileraSanhuez;MiguelAAguilera;Alcaldes TODOS
Nivaldo Pinaleo;@Alcalde_abb;Nivaldo Pinaleo;Alcaldes TODOS
Nibaldo Alegria;@Alcalde_Alegria;Nibaldo Alegria;Alcaldes TODOS
JoseLuisYanez;@alcalde_yanez;JoseLuisYanez;Alcaldes TODOS
JoseMiguel Arellano ;@AlcaldeArellano;JoseMiguel Arellano ;Alcaldes TODOS
Miguel Becker ;@AlcaldeBecker;Miguel Becker ;Alcaldes TODOS
Luis Antonio Berwart ;@alcaldeberwart;Luis Antonio Berwart ;Alcaldes TODOS
Boris acuna;@alcaldeboris;Boris acuna;Alcaldes TODOS
Ruben cardenas;@AlcaldeCalbuco;Ruben cardenas;Alcaldes TODOS
Claudio Almuna;@AlcaldeCAlmuna;Claudio Almuna;Alcaldes TODOS
Patricio  Ulloa ;@alcaldecochrane;Patricio  Ulloa ;Alcaldes TODOS
Ruben Jorquera ;@AlcaldeColtauco;Ruben Jorquera ;Alcaldes TODOS
Carlos Valenzuela ;@alcaldeconti;Carlos Valenzuela ;Alcaldes TODOS
Diego Vergara ;@alcaldedepaine;Diego Vergara ;Alcaldes TODOS
Vladimir Fica;@alcaldefica;Vladimir Fica;Alcaldes TODOS
Manuel Painiqueo;@alcaldelumaco;Manuel Painiqueo;Alcaldes TODOS
Juan Carlos munoz;@AlcaldeMunoz;Juan Carlos munoz;Alcaldes TODOS
luis pezoa;@alcaldepezoa;luis pezoa;Alcaldes TODOS
Manuel Pino Turra;@alcaldepino;Manuel Pino Turra;Alcaldes TODOS
Juan Eduardo Delgado ;@AlcaldePlc;Juan Eduardo Delgado ;Alcaldes TODOS
Clara Lazcano ;@AlcaldesaLazca1;Clara Lazcano ;Alcaldes TODOS
Eduardo Soto ;@Alcaldesoto;Eduardo Soto ;Alcaldes TODOS
William arevalo;@alcaldestacruz;William arevalo;Alcaldes TODOS
Claudio Zurita Ibarra;@AlcaldeZurita;Claudio Zurita Ibarra;Alcaldes TODOS
Felipe Alessandri ;@AlessandriFelip;Felipe Alessandri ;Alcaldes TODOS
Americo Guajardo;@americogustavog;Americo Guajardo;Alcaldes TODOS
Angel Castro Medina;@AngelCastroSJ;Angel Castro Medina;Alcaldes TODOS
Antonio Rivas Villalobos;@AntonioRivas__;Antonio Rivas Villalobos;Alcaldes TODOS
Carlos Araya;@Araya7Carlos;Carlos Araya;Alcaldes TODOS
Martin Arriagada Urrutia;@Arriagadalcalde;Martin Arriagada Urrutia;Alcaldes TODOS
Arturo Aguirre ;@arturo_aguirreg;Arturo Aguirre ;Alcaldes TODOS
Bernardo Leyton Lemus;@Bernardo_Leyton;Bernardo Leyton Lemus;Alcaldes TODOS
Bernardo Alejandro lopez;@BernardoLopezS;Bernardo Alejandro lopez;Alcaldes TODOS
Bernardo Vasquez Bobadilla;@Bernardovasquez;Bernardo Vasquez Bobadilla;Alcaldes TODOS
Brunilda Gonzalez;@BrunildaCaldera;Brunilda Gonzalez;Alcaldes TODOS
Camilo Ossandon;@camilo_ossandon;Camilo Ossandon;Alcaldes TODOS
Carlos Adasme Godoy;@carlosadasme;Carlos Adasme Godoy;Alcaldes TODOS
Carlos alvarez ;@CarlosAlvarezE_;Carlos alvarez ;Alcaldes TODOS
Carlos Schwalm ;@CarlosSchwalm;Carlos Schwalm ;Alcaldes TODOS
Carlos Soto ;@CarlosSotoRengo;Carlos Soto ;Alcaldes TODOS
Carlos Utman;@carlosutman;Carlos Utman;Alcaldes TODOS
Carmen Blanco Hadi;@carmen_blanco_h;Carmen Blanco Hadi;Alcaldes TODOS
Carmen fernandez ;@carmengloria_f;Carmen fernandez ;Alcaldes TODOS
Carolina Leitao;@CarolinaLeitao;Carolina Leitao;Alcaldes TODOS
Juan Carrasco Contreras;@CarrascoAlcalde;Juan Carrasco Contreras;Alcaldes TODOS
Roberto cordova ;@CarrenoCordova;Roberto cordova ;Alcaldes TODOS
Fermin Carreno;@CarrenoFermin;Fermin Carreno;Alcaldes TODOS
Catherine Barriga ;@cathyBarriga;Catherine Barriga ;Alcaldes TODOS
Cristian Balmaceda ;@CBalmacedaU;Cristian Balmaceda ;Alcaldes TODOS
Cesar Orellana Orellana;@cesar_freirina;Cesar Orellana Orellana;Alcaldes TODOS
Boris Chamorro;@Chamorro2016;Boris Chamorro;Alcaldes TODOS
Claudia Pizarro ;@ClaudiaPizarro;Claudia Pizarro ;Alcaldes TODOS
Claudio Sepulveda ;@ClaudioAlcaldia;Claudio Sepulveda ;Alcaldes TODOS
Claudio Rosamel Lavado Castro;@claudiolavado;Claudio Rosamel Lavado Castro;Alcaldes TODOS
Claudio Radonich ;@ClaudioRadonich;Claudio Radonich ;Alcaldes TODOS
Claudio Renteria Larrondo;@claudiorenteria;Claudio Renteria Larrondo;Alcaldes TODOS
Cristian Menchaca;@cmenchacap;Cristian Menchaca;Alcaldes TODOS
Claudio  Castro ;@cn_castro;Claudio  Castro ;Alcaldes TODOS
Ruben  Ceron ;@ComAdolfoCeron;Ruben  Ceron ;Alcaldes TODOS
Marcelo Pereira;@CoquimboPereira;Marcelo Pereira;Alcaldes TODOS
Virginia Reginato ;@cotyreginato;Virginia Reginato ;Alcaldes TODOS
Cristian  pena Morales;@CristianAbel;Cristian  pena Morales;Alcaldes TODOS
Carlos Cuadrado Prats;@cuadrado2012;Carlos Cuadrado Prats;Alcaldes TODOS
Daniel Agusto;@DanielCalama;Daniel Agusto;Alcaldes TODOS
Daniel Salamanca ;@danielconcejal;Daniel Salamanca ;Alcaldes TODOS
Daniel Jadue;@danieljadue;Daniel Jadue;Alcaldes TODOS
Daniel Rodrigo Morales ;@danielmoralese;Daniel Rodrigo Morales ;Alcaldes TODOS
Luis Alberto Mella ;@doctormella;Luis Alberto Mella ;Alcaldes TODOS
Gonzalo Duran Baronti;@Duranbaronti;Gonzalo Duran Baronti;Alcaldes TODOS
Eliana Olmos;@elianaolmos2016;Eliana Olmos;Alcaldes TODOS
Erasmo Valenzuela ;@erasmoagustin;Erasmo Valenzuela ;Alcaldes TODOS
Evelyn Matthei ;@evelynmatthei;Evelyn Matthei ;Alcaldes TODOS
Felipe Aylwin ;@Felipe_Aylwin;Felipe Aylwin ;Alcaldes TODOS
Felipe Delpin Aguilar;@FelipeDelpin;Felipe Delpin Aguilar;Alcaldes TODOS
Felipe Guevara Stephens;@FelipeGuevaraSt;Felipe Guevara Stephens;Alcaldes TODOS
Fernando Oyarzun Macias;@FernandoAriel39;Fernando Oyarzun Macias;Alcaldes TODOS
Fernando Rodriquez;@frlalcalde;Fernando Rodriquez;Alcaldes TODOS
Gustavo Alessandri;@GAlessandriB;Gustavo Alessandri;Alcaldes TODOS
Gaston Mella Arzola;@GASTONMELLA2012;Gaston Mella Arzola;Alcaldes TODOS
Gerardo Espindola ;@Gerardo_Arica;Gerardo Espindola ;Alcaldes TODOS
German Codina Powers;@germancodina;German Codina Powers;Alcaldes TODOS
Gervoy Paredes Rojas;@GervoyAlcalde;Gervoy Paredes Rojas;Alcaldes TODOS
Maximiliano Rios ;@gon_navarrete;Maximiliano Rios ;Alcaldes TODOS
Gonzalo Montoya ;@GonzaloMontoyaR;Gonzalo Montoya ;Alcaldes TODOS
Gustavo Lobos ;@GustavoLobosM;Gustavo Lobos ;Alcaldes TODOS
Hector Alejandro Barria ;@hectorbarria;Hector Alejandro Barria ;Alcaldes TODOS
Henry Campos;@HenryCamposCoa;Henry Campos;Alcaldes TODOS
Hernan Ahumada;@hernan_ahumada;Hernan Ahumada;Alcaldes TODOS
Ivan Campos Aravena;@IvanCamposCL;Ivan Campos Aravena;Alcaldes TODOS
Roberto Jacob ;@jacob_laserena;Roberto Jacob ;Alcaldes TODOS
Jaime Alberto Bertin ;@jaimebertin;Jaime Alberto Bertin ;Alcaldes TODOS
Javier Antonio Munoz ;@JavierMAlcalde;Javier Antonio Munoz ;Alcaldes TODOS
Johnny Carrasco Cerda;@jcarrascoc;Johnny Carrasco Cerda;Alcaldes TODOS
Juan Carlos Diaz;@jcdiazavendano;Juan Carlos Diaz;Alcaldes TODOS
Juan Carlos Reinao ;@jcreinao;Juan Carlos Reinao ;Alcaldes TODOS
Jessica Mualim ;@Jessicamualim1;Jessica Mualim ;Alcaldes TODOS
Jorge Fuentes Fetis;@Jfuentesf;Jorge Fuentes Fetis;Alcaldes TODOS
Jorge Westermeier Estrada;@jjwestermeier;Jorge Westermeier Estrada;Alcaldes TODOS
Jose Manuel Palacios ;@JMPalaciosParra;Jose Manuel Palacios ;Alcaldes TODOS
Ana Maria Silva ;@JoacoValenzuela;Ana Maria Silva ;Alcaldes TODOS
Jorge Radonich;@jorgeradonich;Jorge Radonich;Alcaldes TODOS
Jorge Rivas ;@jorgerivas_2012;Jorge Rivas ;Alcaldes TODOS
Jorge Sharp;@JorgeSharp;Jorge Sharp;Alcaldes TODOS
Jose Guerrero Venegas;@JoseGuerrero_sg;Jose Guerrero Venegas;Alcaldes TODOS
Jose Sabat Marcos;@josesabatmarcos;Jose Sabat Marcos;Alcaldes TODOS
Juan Eduardo Vera;@Juaneduardoconc;Juan Eduardo Vera;Alcaldes TODOS
Juan Hijerra Seron;@juanhijerrasero;Juan Hijerra Seron;Alcaldes TODOS
Juan Rozas Romero;@JuanRozasR;Juan Rozas Romero;Alcaldes TODOS
Karen Rojo Venegas;@Karen_rojov;Karen Rojo Venegas;Alcaldes TODOS
Katherine Torres;@KatyAlcaldesa;Katherine Torres;Alcaldes TODOS
Enrique Neira Neira;@kike_neira21;Enrique Neira Neira;Alcaldes TODOS
Esteban Krause Salazar;@KrauseAlcalde;Esteban Krause Salazar;Alcaldes TODOS
joaquin lavin ;@LavinJoaquin;joaquin lavin ;Alcaldes TODOS
Luis Pradenas ;@Luispradenas;Luis Pradenas ;Alcaldes TODOS
Macarena Santelices ;@macasante;Macarena Santelices ;Alcaldes TODOS
Manuel Marcarian Julio;@manuelmarcaria1;Manuel Marcarian Julio;Alcaldes TODOS
Marcelo Orlando Santana Vargas;@marcelosantanav;Marcelo Orlando Santana Vargas;Alcaldes TODOS
Mario Olavarria ;@mario_olavarria;Mario Olavarria ;Alcaldes TODOS
Mario Gierke Quevedo;@mariogierke;Mario Gierke Quevedo;Alcaldes TODOS
Guillermo Martinez;@Martinez_Tolten;Guillermo Martinez;Alcaldes TODOS
Miguel Araya Lobos;@MIGUELARAYALOBO;Miguel Araya Lobos;Alcaldes TODOS
Manuel Macaya;@mj_macaya;Manuel Macaya;Alcaldes TODOS
Mario Meza;@mmeza;Mario Meza;Alcaldes TODOS
Sergio Medel Acosta;@Mostazal_Avanza;Sergio Medel Acosta;Alcaldes TODOS
Mauro Tamayo Rozas;@mtamayor;Mauro Tamayo Rozas;Alcaldes TODOS
Marco Antonio Marin ;@Munilolol;Marco Antonio Marin ;Alcaldes TODOS
Mauricio Vinambres Adasme;@mvinambres;Mauricio Vinambres Adasme;Alcaldes TODOS
Nibaldo Meza Garfia;@Nibaldo_Meza;Nibaldo Meza Garfia;Alcaldes TODOS
Nora Cuevas Contreras;@Nora_Cuevas;Nora Cuevas Contreras;Alcaldes TODOS
Nelson Venegas Salazar;@nsvenegas;Nelson Venegas Salazar;Alcaldes TODOS
Enrique Olivares ;@olivaresalcalde;Enrique Olivares ;Alcaldes TODOS
Omar Sabat ;@Omar_Sabat;Omar Sabat ;Alcaldes TODOS
alvaro ortiz;@Ortizconce;alvaro ortiz;Alcaldes TODOS
Patricio fernandez alarcon;@patofernandeza;Patricio fernandez alarcon;Alcaldes TODOS
Patricio Freire ;@PatoFreireCanto;Patricio Freire ;Alcaldes TODOS
Pedro Castillo Diaz;@PedroCastilloD;Pedro Castillo Diaz;Alcaldes TODOS
Rabindranath acuna;@rabindranaath;Rabindranath acuna;Alcaldes TODOS
Rafael Vera Castillo;@Rafael_Vera;Rafael Vera Castillo;Alcaldes TODOS
Rodrigo Ramirez;@RamirezParr;Rodrigo Ramirez;Alcaldes TODOS
Ramona Reyes Painqueo;@ramonareyesp;Ramona Reyes Painqueo;Alcaldes TODOS
Ramon Bahamonde;@RamonbahamondeC;Ramon Bahamonde;Alcaldes TODOS
Raul Salas;@RAUL_SALAS_A;Raul Salas;Alcaldes TODOS
Raul Schifferli;@RaulSchifferli;Raul Schifferli;Alcaldes TODOS
Santiago Rebolledo Pizarro;@RebolledoAlcald;Santiago Rebolledo Pizarro;Alcaldes TODOS
Rene Concha;@reneAlcalde;Rene Concha;Alcaldes TODOS
Rene De La Vega Fuentes;@ReneDeLaVegaF;Rene De La Vega Fuentes;Alcaldes TODOS
Luis Roberto Reyes Alvarez;@reyesalcalde;Luis Roberto Reyes Alvarez;Alcaldes TODOS
Roberto Rivera;@RiveraVichuquen;Roberto Rivera;Alcaldes TODOS
Roberto Guillermo Recabal ;@RobertoRecabal;Roberto Guillermo Recabal ;Alcaldes TODOS
Rodolfo Carter ;@rodolfocarter;Rodolfo Carter ;Alcaldes TODOS
Rodrigo Delgado Mocarquer;@RodrigoDelgadoM;Rodrigo Delgado Mocarquer;Alcaldes TODOS
Rodrigo Loyola Morenilla;@rodrigoloyolam;Rodrigo Loyola Morenilla;Alcaldes TODOS
Guillermo Rolando Mitre Gatica;@Rolando_Mitre_G;Guillermo Rolando Mitre Gatica;Alcaldes TODOS
Rodrigo Sanchez Villalobos;@rsanchezlaligua;Rodrigo Sanchez Villalobos;Alcaldes TODOS
Manuel Guzman Aedo;@rsanchezmia;Manuel Guzman Aedo;Alcaldes TODOS
Rene Schuffeneger Salas;@Rschuffeneger;Rene Schuffeneger Salas;Alcaldes TODOS
Sadi  Melo Moya;@SadiMelo;Sadi  Melo Moya;Alcaldes TODOS
Sammy Ormazabal Lopez;@SAMMYORMAZABAL;Sammy Ormazabal Lopez;Alcaldes TODOS
Sergio Echeverria Garcia;@secheverriag;Sergio Echeverria Garcia;Alcaldes TODOS
Oscar Sumonte ;@sumonteoficial;Oscar Sumonte ;Alcaldes TODOS
Sergio Vega;@svegaalcalde;Sergio Vega;Alcaldes TODOS
Trinidad Rojo;@TriniAlcaldesa;Trinidad Rojo;Alcaldes TODOS
Raul Torrealba Del Pedregal;@TroncoTorrealba;Raul Torrealba Del Pedregal;Alcaldes TODOS
Veronica Paz Rossat ;@veronicarossat;Veronica Paz Rossat ;Alcaldes TODOS
Victor Hugo Figueroa ;@VictorHugoPenco;Victor Hugo Figueroa ;Alcaldes TODOS
Jorge Saquel ;@VotoSaquel;Jorge Saquel ;Alcaldes TODOS
Yerko Galleguillos ;@YERKO_ALCALDE;Yerko Galleguillos ;Alcaldes TODOS
Andres Zarhi Troy;@zarhiconcejal;Andres Zarhi Troy;Alcaldes TODOS
Isaias Zavala Torres;@zavalatorres1;Isaias Zavala Torres;Alcaldes TODOS
Karen Rojo;@karen_rojov;KarenRojo;Alcaldes
Roberto Jacob;@jacob_laserena;RobertoJacob;Alcaldes
Jorge Sharp;@JorgeSharp;JorgeSharp;Alcaldes
Eduardo Soto;@alcaldesoto;EduardoSoto;Alcaldes
Juan Carlos Diaz;@jcdiazavendano;JuanDiaz;Alcaldes
Alvaro Ortiz Vera;@Ortizconce;AlvaroOrtiz;Alcaldes
Miguel Becker;@AlcaldeBecker;MiguelBecker;Alcaldes
Gervoy Paredes;@GervoyAlcalde;GervoyParedes;Alcaldes
Alejandro Huala;@hualacoyhaique;AlejandroHuala;Alcaldes
Claudio Radonich;@ClaudioRadonich;ClauidoRadonich;Alcaldes
Omar Sabat;@Omar_Sabat;OmarSabat;Alcaldes
Gerardo Espindola;@Gerardo_Arica;GerardoEspindola;Alcaldes
Virginia Reginato;@cotyreginato;VirginiaReginato;Alcaldes
Cathy Barriga;@cathybarriga;CathyBarriga;Alcaldes
Felipe Alessandri;@AlessandriFelip;FelipeAlessandri;Alcaldes
Joaquin Lavin;@LavinJoaquin;JoaquinLavin;Alcaldes
Evelyn Matthei;@evelynmatthei;EvelynMatthei;Alcaldes
Daniel Jadue;@danieljadue;Daniel Jadue;Alcaldes
Marcos Lopez;@MLopezR2016;MarcosLopez;Alcaldes
Erasmo Valenzuela;@erasmoagustin;ErasmoValenzuela;Alcaldes
Mauro Tamayo;@mtamayor   ;MauroTamayo;Alcaldes
Mario Olavarria;@mario_olavarria;MarioOlavarria;Alcaldes
Rene de la Vega;@ReneDeLaVegaF;RenedelaVega;Alcaldes
Sadi Melo Moya;@sadimelo;SadiMelo;Alcaldes
Rodrigo Delgado Mocarquer;@RodrigoDelgadoM;RodrigoDelgado;Alcaldes
Carlos Cuadrado Prats;@Cuadrado_2016;CarlosCuadrado;Alcaldes
Gonzalo Duran Baronti;@Duranbaronti;GonzaloDuran;Alcaldes
Carlos Adasme Godoy;@carlosadasme;CarlosAdasme;Alcaldes
Santiago Rebolledo Pizarro;@RebolledoAlcald;SantiagoRebolledo;Alcaldes
Rodolfo Carter Fernandez;@rodolfocarter;RodolfoCarter;Alcaldes
Claudia Pizarro ;@ClaudiaPizarro;ClaudiaPizarro;Alcaldes
Felipe Delpin Aguilar;@FelipeDelpin;felipedelpin;Alcaldes
Jose Manuel Palacios Parra;@JMPalaciosParra;JoseManuelPalacios;Alcaldes
Felipe Guevara Stephens;@FelipeGuevaraSt;FelipeGuevara;Alcaldes
Maximiliano Rios Galleguillos;@maxriosg;MaximilianoRios;Alcaldes
Gonzalo Montoya Riquelme;@GonzaloMontoyaR;GonzaloMontoya;Alcaldes
Jessica Mualim Fajuri;@Jessicamualim1;JessicaMualim;Alcaldes
Andres Zarhi Troy;@andreszarhi;AndresZarhi;Alcaldes
Jose Miguel Arellano Merino;@AlcaldeArellano;JoseMiguelArellano;Alcaldes
Diego Vergara Rodriguez;@alcaldedepaine;DiegoVergara;Alcaldes
Juan Rozas Romero;@JuanRozasR;JuanRozas;Alcaldes
Nibaldo Meza Garfia;@Nibaldo_Meza;NibaldoMeza;Alcaldes
Carolina Leitao Alvarez-Salamanca;@CarolinaLeitao;CarolinaLeitaoAlvarez;Alcaldes
Cristian Balmaceda Undurraga;@CBalmacedaU;CristianBalmaceda;Alcaldes
German Codina Powers;@germancodina;GermanCodina;Alcaldes
Juan Carrasco Contreras;@CarrascoAlcalde;JuanCarrasco;Alcaldes
Carmen Gloria Fernandez Valenzuela;@carmengloria_f;CarmenGloriaFernandez;Alcaldes
Claudio Castro Salas;@cn_castro;ClaudioCastro;Alcaldes
Nora Cuevas Contreras;@Nora_Cuevas;NoraCuevas;Alcaldes
Luis Pezoa Alvarez;@alcaldepezoa;LuisPezoa;Alcaldes
Manuel Devia Vilches;@manueldevia2016;ManuelDevia;Alcaldes
Carlos Alvarez Esteban;@CarlosAlvarezE_;CarlosAlvarez;Alcaldes
Raul Torrealba del Pedregal;@TroncoTorrealba;raultorrealba;Alcaldes
Andres Chadwick;@andreschadwickp;AndresChadwick;Actores
Pauline Kantor;@kantor_pauline;PaulineKantor;Actores
Susana Jimenez Schuster;@susanajimenezs;SusanaJimenez;Actores
Nicolas Monckeberg Diaz;@nmonckeberg;NicolasMonckeberg;Actores
Jose Ramon Valente;@JoseRValente;JoseRamon;Actores
Roberto Ampuero Espinoza;@robertoampuero;RobertoAmpuero;Actores
Gerardo Varela Alonso;@GerardoVarela_A;GerardoVarela;Actores
Cecilia Morel;@ceciliamorel;ceciliamorel;Actores
Jose Antonio Kast;@joseantoniokast;JoseAntonioKast;Actores
Alberto Mayol;@AlbertoMayol;AlbertoMayol;Actores
Andronico Luksic;@aluksicc;AndronicoLuksic;Actores
Axel Kaiser;@AXELKAISER;AxelKaiser;Actores
Barbara Figueroa;@Barbara_figue;BarbaraFigueroa;Actores
Beatriz Sanchez;@labeasanchez;BeatrizSanchez;Actores
Bernardo Larrain Matte;@bernardolarrain;BernardoLarrain;Actores
Luis Mayol;@LMayolB;LuiiaMayol;Actores
Claudio Orrego;@Orrego;ClaudioOrrego;Actores
Heraldo Munoz;@HeraldoMunoz;HeraldoMunoz;Actores
Leonardo Farkas;@leonardofarkas;LeonardoFarkas;Actores
Lily Perez;@lilyperez;LilyPerez;Actores
Luis Mesina;@LuisMesina1;LuisMesina;Actores
Marcelo Mena;@marcelomena;MarceloMena;Actores
Marco Enriquez-Ominami;@marcoporchile;MEO;Actores
Mariana Ayllwin;@maylwino;MarianaAyllwin;Actores
Mario Aguilar;@AguilarMario;MarioAguilar;Actores
Pablo Longueira;@Pablo_Longueira;PabloLongueira;Actores
Ricardo Lagos Escobar;@RicardoLagos;RicardoLagos;Actores
Ignacio Walker;@ignaciowalker;IgnacioWalker;Actores
Fulvio Rossi;@FulvioRossiC;FulvioRossi;Actores
Sergio Melnick;@melnicksergio;sergiomelnick;Actores
Jorge Ulloa;@jorge_ulloa;JorgeUlloa;Actores
Michelle Bachelet;@mbachelet;bachelet;Actores
jorgeerrazuriz;@jorgeerrazuriz;jorgeerrazuriz;actores
Cambio 21;@cambio21cl;Cambio 21;Prensa
Ciper;@ciper;Ciper;Prensa
El Ciudadano;@El_Ciudadano;El Ciudadano;Prensa
El Dinamo;@el_dinamo;El Dinamo;Prensa
El Desconcierto;@eldesconcierto;El Desconcierto;Prensa
El Siglo;@elsiglochile;El Siglo;Prensa
Le Monde Diplomatique;@LMDiplo_Chile;Le Monde Diplomatique;Prensa
Piensa Prensa;@PiensaPrensa;Piensa Prensa;Prensa
Pousta;@POUSTA;Pousta;Prensa
Resumen;@rsumen;Resumen;Prensa
Radio Villa Francia;@rvfradiopopular;Radio Villa Francia;Prensa
Subela Radio;@subelaradio;Subela Radio;Prensa
FrancoParisi;@fr_parisi;FrancoParisi;Actores
El mostrador;@elmostrador;elmostrador;Prensa
Emol;@Emol;Emol;Prensa
El Dinamo;@el_dinamo;el_dinamo;Prensa
Soy Chile;@soychilecl;soychilecl;Prensa
Carta Abierta ;@carta_abierta;carta_abierta;Prensa
Chileokulto ;@Chileokulto;Chileokulto;Prensa
ElQuintoPoder ;@elquintopoder;elquintopoder;Prensa
Gamba ;@GAMBA_CL;GAMBA_CL;Prensa
Interferencia;@InterferenciaCL;InterferenciaCL;Prensa
Megáfono Popular ;@MegafonoPopular;MegafonoPopular;Prensa
OPAL;@prensaopal;prensaopal;Prensa
Sitio Cero ;@sitiocero;sitiocero;Prensa
Ciper;@ciper;ciperr;Prensa
Piensa Prensa;@PiensaPrensa;piensaprensa;Prensa
eldesc;@eldesconcierto;desconcierto;Prensa
trumppersonal;@realDonaldTrump ;trumppersonal;Presidentes
potus;@POTUS ;potus;Presidentes
